Page,Category,Cover,Date,Published,Slug,Tag Library,国_世界一周,更新日
OURA Ring を結婚指輪＆婚約指輪に選んだ理由,パートナーシップ｜Partnership,../../OURA_Ring_%E3%82%92%E7%B5%90%E5%A9%9A%E6%8C%87%E8%BC%AA%EF%BC%86%E5%A9%9A%E7%B4%84%E6%8C%87%E8%BC%AA%E3%81%AB%E9%81%B8%E3%82%93%E3%81%9F%E3%82%99%E7%90%86%E7%94%B1.jpeg,2022年3月19日,Yes,2305-pt-oura-2,プロポーズ (../../Tag%20Library%20277dbaee60ac416f8818f1f6059eec54/%E3%83%95%E3%82%9A%E3%83%AD%E3%83%9B%E3%82%9A%E3%83%BC%E3%82%B9%E3%82%99%209d5ea50b4deb485c977e4dc0e701df4e.md),,2025年5月1日 22:38
OURA Ringでプロポーズするための準備,パートナーシップ｜Partnership,../../OURA_Ring%E3%81%A6%E3%82%99%E3%83%95%E3%82%9A%E3%83%AD%E3%83%9B%E3%82%9A%E3%83%BC%E3%82%B9%E3%82%99%E3%81%99%E3%82%8B%E3%81%9F%E3%82%81%E3%81%AE%E6%BA%96%E5%82%99.avif,2022年3月18日,Yes,2305-pt-oura-1,プロポーズ (../../Tag%20Library%20277dbaee60ac416f8818f1f6059eec54/%E3%83%95%E3%82%9A%E3%83%AD%E3%83%9B%E3%82%9A%E3%83%BC%E3%82%B9%E3%82%99%209d5ea50b4deb485c977e4dc0e701df4e.md),,2025年5月1日 22:38
OURA Ring でサプライズプロポーズして成功した話,パートナーシップ｜Partnership,../../OURA_Ring_%E3%81%A6%E3%82%99%E3%82%B5%E3%83%95%E3%82%9A%E3%83%A9%E3%82%A4%E3%82%B9%E3%82%99%E3%83%95%E3%82%9A%E3%83%AD%E3%83%9B%E3%82%9A%E3%83%BC%E3%82%B9%E3%82%99%E3%81%97%E3%81%A6%E6%88%90%E5%8A%9F%E3%81%97%E3%81%9F%E8%A9%B1.jpg,2022年3月20日,Yes,2305-pt-oura-3,プロポーズ (../../Tag%20Library%20277dbaee60ac416f8818f1f6059eec54/%E3%83%95%E3%82%9A%E3%83%AD%E3%83%9B%E3%82%9A%E3%83%BC%E3%82%B9%E3%82%99%209d5ea50b4deb485c977e4dc0e701df4e.md),,2025年5月1日 22:38
「思い出マネジメント」始めました,運用｜Operatinon,../../%E3%80%8C%E6%80%9D%E3%81%84%E5%87%BA%E3%83%9E%E3%83%8D%E3%82%B7%E3%82%99%E3%83%A1%E3%83%B3%E3%83%88%E3%80%8D%E5%A7%8B%E3%82%81%E3%81%BE%E3%81%97%E3%81%9F.avif,2022年3月21日,Yes,2305-op-memory,思い出マネジメント (../../Tag%20Library%20277dbaee60ac416f8818f1f6059eec54/%E6%80%9D%E3%81%84%E5%87%BA%E3%83%9E%E3%83%8D%E3%82%B7%E3%82%99%E3%83%A1%E3%83%B3%E3%83%88%208a8df8e1d5254448b9164b3ad86f896e.md),,2025年5月1日 22:37
カップルの動画の共有運用,運用｜Operatinon,../../%E3%82%AB%E3%83%83%E3%83%95%E3%82%9A%E3%83%AB%E3%81%AE%E5%8B%95%E7%94%BB%E3%81%AE%E5%85%B1%E6%9C%89%E9%81%8B%E7%94%A8.jpeg,2022年3月22日 9:00 (JST),Yes,2305-op-movie,webサービス (../../Tag%20Library%20277dbaee60ac416f8818f1f6059eec54/web%E3%82%B5%E3%83%BC%E3%83%92%E3%82%99%E3%82%B9%20fe25a88ca52246e695dadd7b3b0c0e56.md),,2025年5月1日 22:37
新型コロナによるホテル隔離療養生活まとめ,生活｜Daily,../../%E6%96%B0%E5%9E%8B%E3%82%B3%E3%83%AD%E3%83%8A%E3%81%AB%E3%82%88%E3%82%8B%E3%83%9B%E3%83%86%E3%83%AB%E9%9A%94%E9%9B%A2%E7%99%82%E9%A4%8A%E7%94%9F%E6%B4%BB%E3%81%BE%E3%81%A8%E3%82%81.avif,2022年3月22日 13:00 (JST),Yes,2305-dl-covid-19,住居 (../../Tag%20Library%20277dbaee60ac416f8818f1f6059eec54/%E4%BD%8F%E5%B1%85%20b2e0a9dce4674aa6b640490f8a49ca83.md),,2025年5月1日 22:37
パートナーと円満を助けるwebサービス８選,生活｜Daily,../../%E3%83%8F%E3%82%9A%E3%83%BC%E3%83%88%E3%83%8A%E3%83%BC%E3%81%A8%E5%86%86%E6%BA%80%E3%82%92%E5%8A%A9%E3%81%91%E3%82%8Bweb%E3%82%B5%E3%83%BC%E3%83%92%E3%82%99%E3%82%B9%EF%BC%98%E9%81%B8.avif,2022年3月22日 20:00 (JST),Yes,2305-dl-web-service,webサービス (../../Tag%20Library%20277dbaee60ac416f8818f1f6059eec54/web%E3%82%B5%E3%83%BC%E3%83%92%E3%82%99%E3%82%B9%20fe25a88ca52246e695dadd7b3b0c0e56.md),,2025年5月1日 22:37
長期旅行の海外インターネットは、eSIM一択,旅｜Travel,../../%E9%95%B7%E6%9C%9F%E6%97%85%E8%A1%8C%E3%81%AE%E6%B5%B7%E5%A4%96%E3%82%A4%E3%83%B3%E3%82%BF%E3%83%BC%E3%83%8D%E3%83%83%E3%83%88%E3%81%AF%E3%80%81eSIM%E4%B8%80%E6%8A%9E.jpeg,2023年10月25日,Yes,2310-tr-internet,世界一周 (../../Tag%20Library%20277dbaee60ac416f8818f1f6059eec54/%E4%B8%96%E7%95%8C%E4%B8%80%E5%91%A8%20640454db231a4cc3a5bd5c4ba9dd5057.md),,2025年5月1日 22:36
【世界一周持ち物】タオル比較検討＆スイムタオル（ミズノ）購入レビュー,旅｜Travel,../../%E3%80%90%E4%B8%96%E7%95%8C%E4%B8%80%E5%91%A8%E6%8C%81%E3%81%A1%E7%89%A9%E3%80%91%E3%82%BF%E3%82%AA%E3%83%AB%E6%AF%94%E8%BC%83%E6%A4%9C%E8%A8%8E%EF%BC%86%E3%82%B9%E3%82%A4%E3%83%A0%E3%82%BF%E3%82%AA%E3%83%AB%EF%BC%88%E3%83%9F%E3%82%B9%E3%82%99%E3%83%8E%EF%BC%89%E8%B3%BC%E5%85%A5%E3%83%AC%E3%83%92%E3%82%99%E3%83%A5%E3%83%BC.jpeg,2023年10月26日,Yes,2310-tr-towel,"購入レビュー (../../Tag%20Library%20277dbaee60ac416f8818f1f6059eec54/%E8%B3%BC%E5%85%A5%E3%83%AC%E3%83%92%E3%82%99%E3%83%A5%E3%83%BC%207ed6a100f8e244488d8bf583f44a3efb.md), 世界一周 (../../Tag%20Library%20277dbaee60ac416f8818f1f6059eec54/%E4%B8%96%E7%95%8C%E4%B8%80%E5%91%A8%20640454db231a4cc3a5bd5c4ba9dd5057.md)",,2025年5月1日 22:36
【世界一周持ち物】海外旅行保険、クレジットカードで0円運用！？,旅｜Travel,../../%E3%80%90%E4%B8%96%E7%95%8C%E4%B8%80%E5%91%A8%E6%8C%81%E3%81%A1%E7%89%A9%E3%80%91%E6%B5%B7%E5%A4%96%E6%97%85%E8%A1%8C%E4%BF%9D%E9%99%BA%E3%80%81%E3%82%AF%E3%83%AC%E3%82%B7%E3%82%99%E3%83%83%E3%83%88%E3%82%AB%E3%83%BC%E3%83%88%E3%82%99%E3%81%A6%E3%82%990%E5%86%86%E9%81%8B%E7%94%A8%EF%BC%81%EF%BC%9F.jpeg,2023年10月28日,Yes,2310-tr-insurance,"クレジットカード (../../Tag%20Library%20277dbaee60ac416f8818f1f6059eec54/%E3%82%AF%E3%83%AC%E3%82%B7%E3%82%99%E3%83%83%E3%83%88%E3%82%AB%E3%83%BC%E3%83%88%E3%82%99%20f95e836d8d6f4001b404518b25151268.md), 世界一周 (../../Tag%20Library%20277dbaee60ac416f8818f1f6059eec54/%E4%B8%96%E7%95%8C%E4%B8%80%E5%91%A8%20640454db231a4cc3a5bd5c4ba9dd5057.md)",,2025年5月1日 22:36
【世界一周持ち物】アウター比較検討＆購入レビュー,旅｜Travel,../../%E3%80%90%E4%B8%96%E7%95%8C%E4%B8%80%E5%91%A8%E6%8C%81%E3%81%A1%E7%89%A9%E3%80%91%E3%82%A2%E3%82%A6%E3%82%BF%E3%83%BC%E6%AF%94%E8%BC%83%E6%A4%9C%E8%A8%8E%EF%BC%86%E8%B3%BC%E5%85%A5%E3%83%AC%E3%83%92%E3%82%99%E3%83%A5%E3%83%BC.png,2023年10月29日,Yes,2310-tr-outer,"購入レビュー (../../Tag%20Library%20277dbaee60ac416f8818f1f6059eec54/%E8%B3%BC%E5%85%A5%E3%83%AC%E3%83%92%E3%82%99%E3%83%A5%E3%83%BC%207ed6a100f8e244488d8bf583f44a3efb.md), 世界一周 (../../Tag%20Library%20277dbaee60ac416f8818f1f6059eec54/%E4%B8%96%E7%95%8C%E4%B8%80%E5%91%A8%20640454db231a4cc3a5bd5c4ba9dd5057.md)",,2025年5月1日 22:36
愛するということ（エーリッヒフロム）を読んで,読書｜Reading,../../%E6%84%9B%E3%81%99%E3%82%8B%E3%81%A8%E3%81%84%E3%81%86%E3%81%93%E3%81%A8%EF%BC%88%E3%82%A8%E3%83%BC%E3%83%AA%E3%83%83%E3%83%92%E3%83%95%E3%83%AD%E3%83%A0%EF%BC%89%E3%82%92%E8%AA%AD%E3%82%93%E3%81%A6%E3%82%99.png,2023年11月8日,Yes,2311-pt-the-art-of-loving,読書メモ (../../Tag%20Library%20277dbaee60ac416f8818f1f6059eec54/%E8%AA%AD%E6%9B%B8%E3%83%A1%E3%83%A2%20164ef11cecd8404696eaaee170957d92.md),,2025年5月1日 22:33
家事分担の実施記録表運用に関して思うこと,パートナーシップ｜Partnership,../../%E5%AE%B6%E4%BA%8B%E5%88%86%E6%8B%85%E3%81%AE%E5%AE%9F%E6%96%BD%E8%A8%98%E9%8C%B2%E8%A1%A8%E9%81%8B%E7%94%A8%E3%81%AB%E9%96%A2%E3%81%97%E3%81%A6%E6%80%9D%E3%81%86%E3%81%93%E3%81%A8.png,2023年11月9日,Yes,2311-pt-division-housework,感謝 (../../Tag%20Library%20277dbaee60ac416f8818f1f6059eec54/%E6%84%9F%E8%AC%9D%20093849f4070b4132bc47cd32aaaec42a.md),,2025年5月1日 22:33
【世界一周持ち物】アクションカメラ比較検討＆Osmo Action 4（DJI）購入レビュー,旅｜Travel,../../%E3%80%90%E4%B8%96%E7%95%8C%E4%B8%80%E5%91%A8%E6%8C%81%E3%81%A1%E7%89%A9%E3%80%91%E3%82%A2%E3%82%AF%E3%82%B7%E3%83%A7%E3%83%B3%E3%82%AB%E3%83%A1%E3%83%A9%E6%AF%94%E8%BC%83%E6%A4%9C%E8%A8%8E%EF%BC%86Osmo_Action_4%EF%BC%88DJI%EF%BC%89%E8%B3%BC%E5%85%A5%E3%83%AC%E3%83%92%E3%82%99%E3%83%A5%E3%83%BC.jpeg,2023年11月10日,Yes,2311-tr-action-camera,"世界一周 (../../Tag%20Library%20277dbaee60ac416f8818f1f6059eec54/%E4%B8%96%E7%95%8C%E4%B8%80%E5%91%A8%20640454db231a4cc3a5bd5c4ba9dd5057.md), 購入レビュー (../../Tag%20Library%20277dbaee60ac416f8818f1f6059eec54/%E8%B3%BC%E5%85%A5%E3%83%AC%E3%83%92%E3%82%99%E3%83%A5%E3%83%BC%207ed6a100f8e244488d8bf583f44a3efb.md)",,2025年5月1日 22:33
冒険の書 AI時代のアンラーニング（孫泰蔵 ）を読んで,読書｜Reading,../../%E5%86%92%E9%99%BA%E3%81%AE%E6%9B%B8_AI%E6%99%82%E4%BB%A3%E3%81%AE%E3%82%A2%E3%83%B3%E3%83%A9%E3%83%BC%E3%83%8B%E3%83%B3%E3%82%AF%E3%82%99%EF%BC%88%E5%AD%AB%E6%B3%B0%E8%94%B5_%EF%BC%89%E3%82%92%E8%AA%AD%E3%82%93%E3%81%A6%E3%82%99.jpeg,2023年11月22日,Yes,2311-lf-unlearning,読書メモ (../../Tag%20Library%20277dbaee60ac416f8818f1f6059eec54/%E8%AA%AD%E6%9B%B8%E3%83%A1%E3%83%A2%20164ef11cecd8404696eaaee170957d92.md),,2025年5月1日 22:32
投資の観点から考える「自立」と「パートナーシップ」,パートナーシップ｜Partnership,../../%E6%8A%95%E8%B3%87%E3%81%AE%E8%A6%B3%E7%82%B9%E3%81%8B%E3%82%89%E8%80%83%E3%81%88%E3%82%8B%E3%80%8C%E8%87%AA%E7%AB%8B%E3%80%8D%E3%81%A8%E3%80%8C%E3%83%8F%E3%82%9A%E3%83%BC%E3%83%88%E3%83%8A%E3%83%BC%E3%82%B7%E3%83%83%E3%83%95%E3%82%9A%E3%80%8D.jpeg,2023年11月28日,Yes,2311-pt-independence-partnership,愛 (../../Tag%20Library%20277dbaee60ac416f8818f1f6059eec54/%E6%84%9B%20b2e38cec8c144b4cb995ea7c9f3640bd.md),,2025年5月1日 22:32
「おふざけ」の効能と注意点,パートナーシップ｜Partnership,../../%E3%80%8C%E3%81%8A%E3%81%B5%E3%81%95%E3%82%99%E3%81%91%E3%80%8D%E3%81%AE%E5%8A%B9%E8%83%BD%E3%81%A8%E6%B3%A8%E6%84%8F%E7%82%B9.jpeg,2024年1月19日,Yes,2401-pt-joke,コミュニケーション (../../Tag%20Library%20277dbaee60ac416f8818f1f6059eec54/%E3%82%B3%E3%83%9F%E3%83%A5%E3%83%8B%E3%82%B1%E3%83%BC%E3%82%B7%E3%83%A7%E3%83%B3%202d90319d2b4542d9a91f289e584506cb.md),,2025年5月1日 22:32
2023年総括,人生｜Life,../../2023%E5%B9%B4%E7%B7%8F%E6%8B%AC.jpeg,2023年12月30日,Yes,2312-lf-looking-back,愛 (../../Tag%20Library%20277dbaee60ac416f8818f1f6059eec54/%E6%84%9B%20b2e38cec8c144b4cb995ea7c9f3640bd.md),,2025年5月1日 22:32
2024年に注力すること,人生｜Life,../../2024%E5%B9%B4%E3%81%AB%E6%B3%A8%E5%8A%9B%E3%81%99%E3%82%8B%E3%81%93%E3%81%A8.jpeg,2024年1月2日,Yes,2401-lf-focus,愛 (../../Tag%20Library%20277dbaee60ac416f8818f1f6059eec54/%E6%84%9B%20b2e38cec8c144b4cb995ea7c9f3640bd.md),,2025年5月1日 22:32
【世界一周持ち物】サブバッグ比較検討＆フルムーン（Mystery Ranch購入レビュー,旅｜Travel,../../%E3%80%90%E4%B8%96%E7%95%8C%E4%B8%80%E5%91%A8%E6%8C%81%E3%81%A1%E7%89%A9%E3%80%91%E3%82%B5%E3%83%95%E3%82%99%E3%83%8F%E3%82%99%E3%83%83%E3%82%AF%E3%82%99%E6%AF%94%E8%BC%83%E6%A4%9C%E8%A8%8E%EF%BC%86%E3%83%95%E3%83%AB%E3%83%A0%E3%83%BC%E3%83%B3%EF%BC%88Mystery_Ranch%E8%B3%BC%E5%85%A5%E3%83%AC%E3%83%92%E3%82%99%E3%83%A5%E3%83%BC.jpeg,2024年1月3日,Yes,2401-tr-sub-bag,"購入レビュー (../../Tag%20Library%20277dbaee60ac416f8818f1f6059eec54/%E8%B3%BC%E5%85%A5%E3%83%AC%E3%83%92%E3%82%99%E3%83%A5%E3%83%BC%207ed6a100f8e244488d8bf583f44a3efb.md), 世界一周 (../../Tag%20Library%20277dbaee60ac416f8818f1f6059eec54/%E4%B8%96%E7%95%8C%E4%B8%80%E5%91%A8%20640454db231a4cc3a5bd5c4ba9dd5057.md)",,2025年5月1日 22:32
【世界一周持ち物】メインバッグ比較検討＆Sweet Pea（Mystery Ranch）購入レビュー,旅｜Travel,../../%E3%80%90%E4%B8%96%E7%95%8C%E4%B8%80%E5%91%A8%E6%8C%81%E3%81%A1%E7%89%A9%E3%80%91%E3%83%A1%E3%82%A4%E3%83%B3%E3%83%8F%E3%82%99%E3%83%83%E3%82%AF%E3%82%99%E6%AF%94%E8%BC%83%E6%A4%9C%E8%A8%8E%EF%BC%86Sweet_Pea%EF%BC%88Mystery_Ranch%EF%BC%89%E8%B3%BC%E5%85%A5%E3%83%AC%E3%83%92%E3%82%99%E3%83%A5%E3%83%BC.jpeg,2024年1月5日,Yes,2401-tr-main-bag,"購入レビュー (../../Tag%20Library%20277dbaee60ac416f8818f1f6059eec54/%E8%B3%BC%E5%85%A5%E3%83%AC%E3%83%92%E3%82%99%E3%83%A5%E3%83%BC%207ed6a100f8e244488d8bf583f44a3efb.md), 世界一周 (../../Tag%20Library%20277dbaee60ac416f8818f1f6059eec54/%E4%B8%96%E7%95%8C%E4%B8%80%E5%91%A8%20640454db231a4cc3a5bd5c4ba9dd5057.md)",,2025年5月1日 22:31
「料理が得意な人」ではなく「食を一緒に楽しめる人」を選ぶべきだと思う理由,パートナーシップ｜Partnership,../../%E3%80%8C%E6%96%99%E7%90%86%E3%81%8B%E3%82%99%E5%BE%97%E6%84%8F%E3%81%AA%E4%BA%BA%E3%80%8D%E3%81%A6%E3%82%99%E3%81%AF%E3%81%AA%E3%81%8F%E3%80%8C%E9%A3%9F%E3%82%92%E4%B8%80%E7%B7%92%E3%81%AB%E6%A5%BD%E3%81%97%E3%82%81%E3%82%8B%E4%BA%BA%E3%80%8D%E3%82%92%E9%81%B8%E3%81%B5%E3%82%99%E3%81%B8%E3%82%99%E3%81%8D%E3%81%9F%E3%82%99%E3%81%A8%E6%80%9D%E3%81%86%E7%90%86%E7%94%B1.jpeg,2024年1月10日,Yes,2401-pt-meal-enjoy,パートナーの条件 (../../Tag%20Library%20277dbaee60ac416f8818f1f6059eec54/%E3%83%8F%E3%82%9A%E3%83%BC%E3%83%88%E3%83%8A%E3%83%BC%E3%81%AE%E6%9D%A1%E4%BB%B6%20123d99b835244c0591e2a8bdccfde5ad.md),,2025年5月1日 22:31
老夫婦じゃん！？と友人にツッコまれた、パートナーとの最高に幸せな１日,生活｜Daily,../../%E8%80%81%E5%A4%AB%E5%A9%A6%E3%81%97%E3%82%99%E3%82%83%E3%82%93%EF%BC%81%EF%BC%9F%E3%81%A8%E5%8F%8B%E4%BA%BA%E3%81%AB%E3%83%84%E3%83%83%E3%82%B3%E3%81%BE%E3%82%8C%E3%81%9F%E3%80%81%E3%83%8F%E3%82%9A%E3%83%BC%E3%83%88%E3%83%8A%E3%83%BC%E3%81%A8%E3%81%AE%E6%9C%80%E9%AB%98%E3%81%AB%E5%B9%B8%E3%81%9B%E3%81%AA%EF%BC%91%E6%97%A5.jpeg,2024年1月9日,Yes,2401-dl-one-day,"ルーティン (../../Tag%20Library%20277dbaee60ac416f8818f1f6059eec54/%E3%83%AB%E3%83%BC%E3%83%86%E3%82%A3%E3%83%B3%204fada67933684c7faf6f6d911d9f40e5.md), 睡眠 (../../Tag%20Library%20277dbaee60ac416f8818f1f6059eec54/%E7%9D%A1%E7%9C%A0%20f8fa3c4832014de18b7def43fd75fdd1.md)",,2025年5月1日 22:31
【世界一周持ち物】サンダル比較検討＆V-AQUA（ビブラムファイブフィンガーズ）購入レビュー,旅｜Travel,../../%E3%80%90%E4%B8%96%E7%95%8C%E4%B8%80%E5%91%A8%E6%8C%81%E3%81%A1%E7%89%A9%E3%80%91%E3%82%B5%E3%83%B3%E3%82%BF%E3%82%99%E3%83%AB%E6%AF%94%E8%BC%83%E6%A4%9C%E8%A8%8E%EF%BC%86V-AQUA%EF%BC%88%E3%83%92%E3%82%99%E3%83%95%E3%82%99%E3%83%A9%E3%83%A0%E3%83%95%E3%82%A1%E3%82%A4%E3%83%95%E3%82%99%E3%83%95%E3%82%A3%E3%83%B3%E3%82%AB%E3%82%99%E3%83%BC%E3%82%B9%E3%82%99%EF%BC%89%E8%B3%BC%E5%85%A5%E3%83%AC%E3%83%92%E3%82%99%E3%83%A5%E3%83%BC.jpeg,2024年1月15日,Yes,2401-tr-sandal,"購入レビュー (../../Tag%20Library%20277dbaee60ac416f8818f1f6059eec54/%E8%B3%BC%E5%85%A5%E3%83%AC%E3%83%92%E3%82%99%E3%83%A5%E3%83%BC%207ed6a100f8e244488d8bf583f44a3efb.md), 世界一周 (../../Tag%20Library%20277dbaee60ac416f8818f1f6059eec54/%E4%B8%96%E7%95%8C%E4%B8%80%E5%91%A8%20640454db231a4cc3a5bd5c4ba9dd5057.md)",,2025年5月1日 22:31
「正しさ」よりも「心地よさ」を,パートナーシップ｜Partnership,../../%E3%80%8C%E6%AD%A3%E3%81%97%E3%81%95%E3%80%8D%E3%82%88%E3%82%8A%E3%82%82%E3%80%8C%E5%BF%83%E5%9C%B0%E3%82%88%E3%81%95%E3%80%8D%E3%82%92.jpeg,2024年1月17日,Yes,2401-pt-rightness-comfort,コミュニケーション (../../Tag%20Library%20277dbaee60ac416f8818f1f6059eec54/%E3%82%B3%E3%83%9F%E3%83%A5%E3%83%8B%E3%82%B1%E3%83%BC%E3%82%B7%E3%83%A7%E3%83%B3%202d90319d2b4542d9a91f289e584506cb.md),,2025年5月1日 22:31
【世界一周準備】ID・パスワード管理ツールをNotionからBitwardenへ移行,旅｜Travel,../../%E3%80%90%E4%B8%96%E7%95%8C%E4%B8%80%E5%91%A8%E6%BA%96%E5%82%99%E3%80%91ID%E3%83%BB%E3%83%8F%E3%82%9A%E3%82%B9%E3%83%AF%E3%83%BC%E3%83%88%E3%82%99%E7%AE%A1%E7%90%86%E3%83%84%E3%83%BC%E3%83%AB%E3%82%92Notion%E3%81%8B%E3%82%89Bitwarden%E3%81%B8%E7%A7%BB%E8%A1%8C.jpeg,2024年2月6日,Yes,2402-tr-idpass,webサービス (../../Tag%20Library%20277dbaee60ac416f8818f1f6059eec54/web%E3%82%B5%E3%83%BC%E3%83%92%E3%82%99%E3%82%B9%20fe25a88ca52246e695dadd7b3b0c0e56.md),,2025年5月1日 22:31
引っ越しの際に活躍するサービス４選,生活｜Daily,../../%E5%BC%95%E3%81%A3%E8%B6%8A%E3%81%97%E3%81%AE%E9%9A%9B%E3%81%AB%E6%B4%BB%E8%BA%8D%E3%81%99%E3%82%8B%E3%82%B5%E3%83%BC%E3%83%92%E3%82%99%E3%82%B9%EF%BC%94%E9%81%B8.jpeg,2024年2月7日,Yes,2402-dl-moving,webサービス (../../Tag%20Library%20277dbaee60ac416f8818f1f6059eec54/web%E3%82%B5%E3%83%BC%E3%83%92%E3%82%99%E3%82%B9%20fe25a88ca52246e695dadd7b3b0c0e56.md),,2025年5月1日 22:30
【世界一周準備】絶対世界一周前に前に入れておきたいアプリ9選,旅｜Travel,../../%E3%80%90%E4%B8%96%E7%95%8C%E4%B8%80%E5%91%A8%E6%BA%96%E5%82%99%E3%80%91%E7%B5%B6%E5%AF%BE%E4%B8%96%E7%95%8C%E4%B8%80%E5%91%A8%E5%89%8D%E3%81%AB%E5%89%8D%E3%81%AB%E5%85%A5%E3%82%8C%E3%81%A6%E3%81%8A%E3%81%8D%E3%81%9F%E3%81%84%E3%82%A2%E3%83%95%E3%82%9A%E3%83%AA9%E9%81%B8.png,2024年3月8日,Yes,2403-tr-web-app,webサービス (../../Tag%20Library%20277dbaee60ac416f8818f1f6059eec54/web%E3%82%B5%E3%83%BC%E3%83%92%E3%82%99%E3%82%B9%20fe25a88ca52246e695dadd7b3b0c0e56.md),,2025年5月1日 22:30
世界一周のルートと移動手段まとめ　※随時更新,旅｜Travel,../../%E4%B8%96%E7%95%8C%E4%B8%80%E5%91%A8%E3%81%AE%E3%83%AB%E3%83%BC%E3%83%88%E3%81%A8%E7%A7%BB%E5%8B%95%E6%89%8B%E6%AE%B5%E3%81%BE%E3%81%A8%E3%82%81_%E9%9A%8F%E6%99%82%E6%9B%B4%E6%96%B0.jpeg,,No,2506,世界一周 (../../Tag%20Library%20277dbaee60ac416f8818f1f6059eec54/%E4%B8%96%E7%95%8C%E4%B8%80%E5%91%A8%20640454db231a4cc3a5bd5c4ba9dd5057.md),,2025年5月2日 23:38
ポーカー海外デビュー＠ナガワールド in カンボジア,ポーカー｜Poker,../../%E3%83%9B%E3%82%9A%E3%83%BC%E3%82%AB%E3%83%BC%E6%B5%B7%E5%A4%96%E3%83%86%E3%82%99%E3%83%92%E3%82%99%E3%83%A5%E3%83%BC%EF%BC%A0%E3%83%8A%E3%82%AB%E3%82%99%E3%83%AF%E3%83%BC%E3%83%AB%E3%83%88%E3%82%99_in_%E3%82%AB%E3%83%B3%E3%83%9B%E3%82%99%E3%82%B7%E3%82%99%E3%82%A2.jpeg,2024年4月14日,Yes,2404-pk-nagaworld,ポーカー (../../Tag%20Library%20277dbaee60ac416f8818f1f6059eec54/%E3%83%9B%E3%82%9A%E3%83%BC%E3%82%AB%E3%83%BC%20a2af21e2e13d427ebfe47652a4f43a6c.md),,2025年5月1日 22:29
クレジットカード付帯の海外旅行保険を、海外から請求して着金するまで,旅｜Travel,../../%E3%82%AF%E3%83%AC%E3%82%B7%E3%82%99%E3%83%83%E3%83%88%E3%82%AB%E3%83%BC%E3%83%88%E3%82%99%E4%BB%98%E5%B8%AF%E3%81%AE%E6%B5%B7%E5%A4%96%E6%97%85%E8%A1%8C%E4%BF%9D%E9%99%BA%E3%82%92%E3%80%81%E6%B5%B7%E5%A4%96%E3%81%8B%E3%82%89%E8%AB%8B%E6%B1%82%E3%81%97%E3%81%A6%E7%9D%80%E9%87%91%E3%81%99%E3%82%8B%E3%81%BE%E3%81%A6%E3%82%99.jpeg,2024年6月12日,Yes,2406-tr-insurance,クレジットカード (../../Tag%20Library%20277dbaee60ac416f8818f1f6059eec54/%E3%82%AF%E3%83%AC%E3%82%B7%E3%82%99%E3%83%83%E3%83%88%E3%82%AB%E3%83%BC%E3%83%88%E3%82%99%20f95e836d8d6f4001b404518b25151268.md),,2025年5月1日 22:29
パートナーと二人旅は素晴らしい、でも一人旅だからこそいい点も,旅｜Travel,../../%E3%83%8F%E3%82%9A%E3%83%BC%E3%83%88%E3%83%8A%E3%83%BC%E3%81%A8%E4%BA%8C%E4%BA%BA%E6%97%85%E3%81%AF%E7%B4%A0%E6%99%B4%E3%82%89%E3%81%97%E3%81%84%E3%80%81%E3%81%A6%E3%82%99%E3%82%82%E4%B8%80%E4%BA%BA%E6%97%85%E3%81%9F%E3%82%99%E3%81%8B%E3%82%89%E3%81%93%E3%81%9D%E3%81%84%E3%81%84%E7%82%B9%E3%82%82.jpeg,2024年5月12日,Yes,2405-tr-traval-togather,"世界一周 (../../Tag%20Library%20277dbaee60ac416f8818f1f6059eec54/%E4%B8%96%E7%95%8C%E4%B8%80%E5%91%A8%20640454db231a4cc3a5bd5c4ba9dd5057.md), コミュニケーション (../../Tag%20Library%20277dbaee60ac416f8818f1f6059eec54/%E3%82%B3%E3%83%9F%E3%83%A5%E3%83%8B%E3%82%B1%E3%83%BC%E3%82%B7%E3%83%A7%E3%83%B3%202d90319d2b4542d9a91f289e584506cb.md)",,2025年5月1日 22:29
「料理」と「人生」が似ていると思った,人生｜Life,../../%E3%80%8C%E6%96%99%E7%90%86%E3%80%8D%E3%81%A8%E3%80%8C%E4%BA%BA%E7%94%9F%E3%80%8D%E3%81%8B%E3%82%99%E4%BC%BC%E3%81%A6%E3%81%84%E3%82%8B%E3%81%A8%E6%80%9D%E3%81%A3%E3%81%9F.jpeg,2024年6月14日,Yes,2406-lf-life-cooking,考察 (../../Tag%20Library%20277dbaee60ac416f8818f1f6059eec54/%E8%80%83%E5%AF%9F%20c1631b4e003344acb9eb18ca2246cd69.md),,2025年5月1日 22:29
パートナーと功利主義実践,パートナーシップ｜Partnership,,,No,,,,2025年5月6日 11:52
本気で暮らしたいと思ったキャンプ場、キルギスのトン村 Beltam Yrut Camp が最高だった！,旅｜Travel,../../%E6%9C%AC%E6%B0%97%E3%81%A6%E3%82%99%E6%9A%AE%E3%82%89%E3%81%97%E3%81%9F%E3%81%84%E3%81%A8%E6%80%9D%E3%81%A3%E3%81%9F%E3%82%AD%E3%83%A3%E3%83%B3%E3%83%95%E3%82%9A%E5%A0%B4%E3%80%81%E3%82%AD%E3%83%AB%E3%82%AD%E3%82%99%E3%82%B9%E3%81%AE%E3%83%88%E3%83%B3%E6%9D%91_Beltam_Yrut_Camp_%E3%81%8B%E3%82%99%E6%9C%80%E9%AB%98%E3%81%9F%E3%82%99%E3%81%A3%E3%81%9F%EF%BC%81.jpg,2024年6月28日,Yes,2406-tr-camping-as-living,"世界一周 (../../Tag%20Library%20277dbaee60ac416f8818f1f6059eec54/%E4%B8%96%E7%95%8C%E4%B8%80%E5%91%A8%20640454db231a4cc3a5bd5c4ba9dd5057.md), 住居 (../../Tag%20Library%20277dbaee60ac416f8818f1f6059eec54/%E4%BD%8F%E5%B1%85%20b2e0a9dce4674aa6b640490f8a49ca83.md)",キルギス (%E4%B8%96%E7%95%8C%E4%B8%80%E5%91%A8%E3%81%AE%E3%83%AB%E3%83%BC%E3%83%88%E3%81%A8%E7%A7%BB%E5%8B%95%E6%89%8B%E6%AE%B5%E3%81%BE%E3%81%A8%E3%82%81%20%E2%80%BB%E9%9A%8F%E6%99%82%E6%9B%B4%E6%96%B0%20c3bf43b9b3f84b94a442c60a7b600428/%E5%9B%BD_%E4%B8%96%E7%95%8C%E4%B8%80%E5%91%A8%20bc1b815a6487420c80aba5e08efc1b19/%E3%82%AD%E3%83%AB%E3%82%AD%E3%82%99%E3%82%B9%207e9d8e7d6961476d86cd0497dec81787.md),2025年5月1日 22:29
パートナーと一緒に功利主義的な考えをすると思考がシンプルになった,パートナーシップ｜Partnership,,,No,,,,2025年5月6日 11:52
Googleの調査「効果的なチームの作り方」は「幸せなパートナーシップの作り方」にそのまま応用できる！,パートナーシップ｜Partnership,../../Google%E3%81%AE%E8%AA%BF%E6%9F%BB%E3%80%8C%E5%8A%B9%E6%9E%9C%E7%9A%84%E3%81%AA%E3%83%81%E3%83%BC%E3%83%A0%E3%81%AE%E4%BD%9C%E3%82%8A%E6%96%B9%E3%80%8D%E3%81%AF%E3%80%8C%E5%B9%B8%E3%81%9B%E3%81%AA%E3%83%8F%E3%82%9A%E3%83%BC%E3%83%88%E3%83%8A%E3%83%BC%E3%82%B7%E3%83%83%E3%83%95%E3%82%9A%E3%81%AE%E4%BD%9C%E3%82%8A%E6%96%B9%E3%80%8D%E3%81%AB%E3%81%9D%E3%81%AE%E3%81%BE%E3%81%BE%E5%BF%9C%E7%94%A8%E3%81%A6%E3%82%99%E3%81%8D%E3%82%8B%EF%BC%81.jpeg,2024年7月9日,Yes,2407-pt-happy-partnership,パートナーの条件 (../../Tag%20Library%20277dbaee60ac416f8818f1f6059eec54/%E3%83%8F%E3%82%9A%E3%83%BC%E3%83%88%E3%83%8A%E3%83%BC%E3%81%AE%E6%9D%A1%E4%BB%B6%20123d99b835244c0591e2a8bdccfde5ad.md),,2025年5月1日 22:28
「タイパ」の次は「ライパ」の時代が来るのでないか,人生｜Life,../../%E3%80%8C%E3%82%BF%E3%82%A4%E3%83%8F%E3%82%9A%E3%80%8D%E3%81%AE%E6%AC%A1%E3%81%AF%E3%80%8C%E3%83%A9%E3%82%A4%E3%83%8F%E3%82%9A%E3%80%8D%E3%81%AE%E6%99%82%E4%BB%A3%E3%81%8B%E3%82%99%E6%9D%A5%E3%82%8B%E3%81%AE%E3%81%A6%E3%82%99%E3%81%AA%E3%81%84%E3%81%8B.jpeg,2024年7月10日,Yes,2407-lf-life-performance,考察 (../../Tag%20Library%20277dbaee60ac416f8818f1f6059eec54/%E8%80%83%E5%AF%9F%20c1631b4e003344acb9eb18ca2246cd69.md),,2025年5月1日 22:28
配車アプリ国別まとめ,旅｜Travel,../../%E9%85%8D%E8%BB%8A%E3%82%A2%E3%83%95%E3%82%9A%E3%83%AA%E5%9B%BD%E5%88%A5%E3%81%BE%E3%81%A8%E3%82%81.jpeg,2024年7月23日,Yes,2407-taxi-app,"世界一周 (../../Tag%20Library%20277dbaee60ac416f8818f1f6059eec54/%E4%B8%96%E7%95%8C%E4%B8%80%E5%91%A8%20640454db231a4cc3a5bd5c4ba9dd5057.md), webサービス (../../Tag%20Library%20277dbaee60ac416f8818f1f6059eec54/web%E3%82%B5%E3%83%BC%E3%83%92%E3%82%99%E3%82%B9%20fe25a88ca52246e695dadd7b3b0c0e56.md)",,2025年5月1日 22:28
思い出を「替え歌」で残すというアイデアが、想像以上によかった,運用｜Operatinon,../../%E6%80%9D%E3%81%84%E5%87%BA%E3%82%92%E3%80%8C%E6%9B%BF%E3%81%88%E6%AD%8C%E3%80%8D%E3%81%A6%E3%82%99%E6%AE%8B%E3%81%99%E3%81%A8%E3%81%84%E3%81%86%E3%82%A2%E3%82%A4%E3%83%86%E3%82%99%E3%82%A2%E3%81%8B%E3%82%99%E3%80%81%E6%83%B3%E5%83%8F%E4%BB%A5%E4%B8%8A%E3%81%AB%E3%82%88%E3%81%8B%E3%81%A3%E3%81%9F.jpeg,2024年7月23日,Yes,2407-parody-as-memory,"思い出マネジメント (../../Tag%20Library%20277dbaee60ac416f8818f1f6059eec54/%E6%80%9D%E3%81%84%E5%87%BA%E3%83%9E%E3%83%8D%E3%82%B7%E3%82%99%E3%83%A1%E3%83%B3%E3%83%88%208a8df8e1d5254448b9164b3ad86f896e.md), 世界一周 (../../Tag%20Library%20277dbaee60ac416f8818f1f6059eec54/%E4%B8%96%E7%95%8C%E4%B8%80%E5%91%A8%20640454db231a4cc3a5bd5c4ba9dd5057.md), 考察 (../../Tag%20Library%20277dbaee60ac416f8818f1f6059eec54/%E8%80%83%E5%AF%9F%20c1631b4e003344acb9eb18ca2246cd69.md)",タジキスタン (%E4%B8%96%E7%95%8C%E4%B8%80%E5%91%A8%E3%81%AE%E3%83%AB%E3%83%BC%E3%83%88%E3%81%A8%E7%A7%BB%E5%8B%95%E6%89%8B%E6%AE%B5%E3%81%BE%E3%81%A8%E3%82%81%20%E2%80%BB%E9%9A%8F%E6%99%82%E6%9B%B4%E6%96%B0%20c3bf43b9b3f84b94a442c60a7b600428/%E5%9B%BD_%E4%B8%96%E7%95%8C%E4%B8%80%E5%91%A8%20bc1b815a6487420c80aba5e08efc1b19/%E3%82%BF%E3%82%B7%E3%82%99%E3%82%AD%E3%82%B9%E3%82%BF%E3%83%B3%20fbc1ae766c6e42bdb707efe0e6cc614c.md),2025年5月1日 22:28
生成AIガイドのおかげで、異国の史跡巡りが楽しくなった話,旅｜Travel,../../%E7%94%9F%E6%88%90AI%E3%82%AB%E3%82%99%E3%82%A4%E3%83%88%E3%82%99%E3%81%AE%E3%81%8A%E3%81%8B%E3%81%91%E3%82%99%E3%81%A6%E3%82%99%E3%80%81%E7%95%B0%E5%9B%BD%E3%81%AE%E5%8F%B2%E8%B7%A1%E5%B7%A1%E3%82%8A%E3%81%8B%E3%82%99%E6%A5%BD%E3%81%97%E3%81%8F%E3%81%AA%E3%81%A3%E3%81%9F%E8%A9%B1.jpeg,2024年7月25日,Yes,2407-ai-guide,"webサービス (../../Tag%20Library%20277dbaee60ac416f8818f1f6059eec54/web%E3%82%B5%E3%83%BC%E3%83%92%E3%82%99%E3%82%B9%20fe25a88ca52246e695dadd7b3b0c0e56.md), 世界一周 (../../Tag%20Library%20277dbaee60ac416f8818f1f6059eec54/%E4%B8%96%E7%95%8C%E4%B8%80%E5%91%A8%20640454db231a4cc3a5bd5c4ba9dd5057.md)",ウズベキスタン (%E4%B8%96%E7%95%8C%E4%B8%80%E5%91%A8%E3%81%AE%E3%83%AB%E3%83%BC%E3%83%88%E3%81%A8%E7%A7%BB%E5%8B%95%E6%89%8B%E6%AE%B5%E3%81%BE%E3%81%A8%E3%82%81%20%E2%80%BB%E9%9A%8F%E6%99%82%E6%9B%B4%E6%96%B0%20c3bf43b9b3f84b94a442c60a7b600428/%E5%9B%BD_%E4%B8%96%E7%95%8C%E4%B8%80%E5%91%A8%20bc1b815a6487420c80aba5e08efc1b19/%E3%82%A6%E3%82%B9%E3%82%99%E3%83%98%E3%82%99%E3%82%AD%E3%82%B9%E3%82%BF%E3%83%B3%20332dceb354764e7694ecf22b7affe3a6.md),2025年5月1日 22:28
トレッキングという新しい趣味できた話,旅｜Travel,../../%E3%83%88%E3%83%AC%E3%83%83%E3%82%AD%E3%83%B3%E3%82%AF%E3%82%99%E3%81%A8%E3%81%84%E3%81%86%E6%96%B0%E3%81%97%E3%81%84%E8%B6%A3%E5%91%B3%E3%81%A6%E3%82%99%E3%81%8D%E3%81%9F%E8%A9%B1.jpg,2024年8月14日,Yes,2408-trekking,"世界一周 (../../Tag%20Library%20277dbaee60ac416f8818f1f6059eec54/%E4%B8%96%E7%95%8C%E4%B8%80%E5%91%A8%20640454db231a4cc3a5bd5c4ba9dd5057.md), コミュニケーション (../../Tag%20Library%20277dbaee60ac416f8818f1f6059eec54/%E3%82%B3%E3%83%9F%E3%83%A5%E3%83%8B%E3%82%B1%E3%83%BC%E3%82%B7%E3%83%A7%E3%83%B3%202d90319d2b4542d9a91f289e584506cb.md)",ジョージア (%E4%B8%96%E7%95%8C%E4%B8%80%E5%91%A8%E3%81%AE%E3%83%AB%E3%83%BC%E3%83%88%E3%81%A8%E7%A7%BB%E5%8B%95%E6%89%8B%E6%AE%B5%E3%81%BE%E3%81%A8%E3%82%81%20%E2%80%BB%E9%9A%8F%E6%99%82%E6%9B%B4%E6%96%B0%20c3bf43b9b3f84b94a442c60a7b600428/%E5%9B%BD_%E4%B8%96%E7%95%8C%E4%B8%80%E5%91%A8%20bc1b815a6487420c80aba5e08efc1b19/%E3%82%B7%E3%82%99%E3%83%A7%E3%83%BC%E3%82%B7%E3%82%99%E3%82%A2%20d6ee8e6b9ff74befa3b7cde426213153.md),2025年5月1日 22:28
どっちでもいい時に「強い要望はない」と伝えるようになってコミュニケーションが捗るようになった件,パートナーシップ｜Partnership,../../%E3%81%A8%E3%82%99%E3%81%A3%E3%81%A1%E3%81%A6%E3%82%99%E3%82%82%E3%81%84%E3%81%84%E6%99%82%E3%81%AB%E3%80%8C%E5%BC%B7%E3%81%84%E8%A6%81%E6%9C%9B%E3%81%AF%E3%81%AA%E3%81%84%E3%80%8D%E3%81%A8%E4%BC%9D%E3%81%88%E3%82%8B%E3%82%88%E3%81%86%E3%81%AB%E3%81%AA%E3%81%A3%E3%81%A6%E3%82%B3%E3%83%9F%E3%83%A5%E3%83%8B%E3%82%B1%E3%83%BC%E3%82%B7%E3%83%A7%E3%83%B3%E3%81%8B%E3%82%99%E6%8D%97%E3%82%8B%E3%82%88%E3%81%86%E3%81%AB%E3%81%AA%E3%81%A3%E3%81%9F%E4%BB%B6.jpeg,2024年8月16日,Yes,2408-original-phrase,コミュニケーション (../../Tag%20Library%20277dbaee60ac416f8818f1f6059eec54/%E3%82%B3%E3%83%9F%E3%83%A5%E3%83%8B%E3%82%B1%E3%83%BC%E3%82%B7%E3%83%A7%E3%83%B3%202d90319d2b4542d9a91f289e584506cb.md),カザフスタン (%E4%B8%96%E7%95%8C%E4%B8%80%E5%91%A8%E3%81%AE%E3%83%AB%E3%83%BC%E3%83%88%E3%81%A8%E7%A7%BB%E5%8B%95%E6%89%8B%E6%AE%B5%E3%81%BE%E3%81%A8%E3%82%81%20%E2%80%BB%E9%9A%8F%E6%99%82%E6%9B%B4%E6%96%B0%20c3bf43b9b3f84b94a442c60a7b600428/%E5%9B%BD_%E4%B8%96%E7%95%8C%E4%B8%80%E5%91%A8%20bc1b815a6487420c80aba5e08efc1b19/%E3%82%AB%E3%82%B5%E3%82%99%E3%83%95%E3%82%B9%E3%82%BF%E3%83%B3%20103bcfc4916c485ea8610e296ad21f12.md),2025年5月1日 22:28
ジョージア🇬🇪のポーカー事情,ポーカー｜Poker,../../%E3%82%B7%E3%82%99%E3%83%A7%E3%83%BC%E3%82%B7%E3%82%99%E3%82%A2%E3%81%AE%E3%83%9B%E3%82%9A%E3%83%BC%E3%82%AB%E3%83%BC%E4%BA%8B%E6%83%85.jpeg,2024年8月24日,Yes,2408-poker-georgia,ポーカー (../../Tag%20Library%20277dbaee60ac416f8818f1f6059eec54/%E3%83%9B%E3%82%9A%E3%83%BC%E3%82%AB%E3%83%BC%20a2af21e2e13d427ebfe47652a4f43a6c.md),ジョージア (%E4%B8%96%E7%95%8C%E4%B8%80%E5%91%A8%E3%81%AE%E3%83%AB%E3%83%BC%E3%83%88%E3%81%A8%E7%A7%BB%E5%8B%95%E6%89%8B%E6%AE%B5%E3%81%BE%E3%81%A8%E3%82%81%20%E2%80%BB%E9%9A%8F%E6%99%82%E6%9B%B4%E6%96%B0%20c3bf43b9b3f84b94a442c60a7b600428/%E5%9B%BD_%E4%B8%96%E7%95%8C%E4%B8%80%E5%91%A8%20bc1b815a6487420c80aba5e08efc1b19/%E3%82%B7%E3%82%99%E3%83%A7%E3%83%BC%E3%82%B7%E3%82%99%E3%82%A2%20d6ee8e6b9ff74befa3b7cde426213153.md),2025年5月1日 22:28
トマト祭り＠スペイン、水かけ祭り＠タイ、を体験して思ったこと,旅｜Travel,../../%E3%83%88%E3%83%9E%E3%83%88%E7%A5%AD%E3%82%8A%EF%BC%A0%E3%82%B9%E3%83%98%E3%82%9A%E3%82%A4%E3%83%B3%E3%80%81%E6%B0%B4%E3%81%8B%E3%81%91%E7%A5%AD%E3%82%8A%EF%BC%A0%E3%82%BF%E3%82%A4%E3%80%81%E3%82%92%E4%BD%93%E9%A8%93%E3%81%97%E3%81%A6%E6%80%9D%E3%81%A3%E3%81%9F%E3%81%93%E3%81%A8.jpg,2024年9月1日,Yes,2409-festval,世界一周 (../../Tag%20Library%20277dbaee60ac416f8818f1f6059eec54/%E4%B8%96%E7%95%8C%E4%B8%80%E5%91%A8%20640454db231a4cc3a5bd5c4ba9dd5057.md),"タイ (%E4%B8%96%E7%95%8C%E4%B8%80%E5%91%A8%E3%81%AE%E3%83%AB%E3%83%BC%E3%83%88%E3%81%A8%E7%A7%BB%E5%8B%95%E6%89%8B%E6%AE%B5%E3%81%BE%E3%81%A8%E3%82%81%20%E2%80%BB%E9%9A%8F%E6%99%82%E6%9B%B4%E6%96%B0%20c3bf43b9b3f84b94a442c60a7b600428/%E5%9B%BD_%E4%B8%96%E7%95%8C%E4%B8%80%E5%91%A8%20bc1b815a6487420c80aba5e08efc1b19/%E3%82%BF%E3%82%A4%2018b7256990c04d398b8c17cd768790aa.md), スペイン (%E4%B8%96%E7%95%8C%E4%B8%80%E5%91%A8%E3%81%AE%E3%83%AB%E3%83%BC%E3%83%88%E3%81%A8%E7%A7%BB%E5%8B%95%E6%89%8B%E6%AE%B5%E3%81%BE%E3%81%A8%E3%82%81%20%E2%80%BB%E9%9A%8F%E6%99%82%E6%9B%B4%E6%96%B0%20c3bf43b9b3f84b94a442c60a7b600428/%E5%9B%BD_%E4%B8%96%E7%95%8C%E4%B8%80%E5%91%A8%20bc1b815a6487420c80aba5e08efc1b19/%E3%82%B9%E3%83%98%E3%82%9A%E3%82%A4%E3%83%B3%206957f7e2947e4c73a855becbe00d3856.md)",2025年5月1日 22:28
カップルは、いつ駆け引きを辞めて、愛し合い始めるのか,パートナーシップ｜Partnership,../../%E3%82%AB%E3%83%83%E3%83%95%E3%82%9A%E3%83%AB%E3%81%AF%E3%80%81%E3%81%84%E3%81%A4%E9%A7%86%E3%81%91%E5%BC%95%E3%81%8D%E3%82%92%E8%BE%9E%E3%82%81%E3%81%A6%E3%80%81%E6%84%9B%E3%81%97%E5%90%88%E3%81%84%E5%A7%8B%E3%82%81%E3%82%8B%E3%81%AE%E3%81%8B.jpeg,2024年9月28日,Yes,2409-start-loving,"愛 (../../Tag%20Library%20277dbaee60ac416f8818f1f6059eec54/%E6%84%9B%20b2e38cec8c144b4cb995ea7c9f3640bd.md), コミュニケーション (../../Tag%20Library%20277dbaee60ac416f8818f1f6059eec54/%E3%82%B3%E3%83%9F%E3%83%A5%E3%83%8B%E3%82%B1%E3%83%BC%E3%82%B7%E3%83%A7%E3%83%B3%202d90319d2b4542d9a91f289e584506cb.md), パートナーの条件 (../../Tag%20Library%20277dbaee60ac416f8818f1f6059eec54/%E3%83%8F%E3%82%9A%E3%83%BC%E3%83%88%E3%83%8A%E3%83%BC%E3%81%AE%E6%9D%A1%E4%BB%B6%20123d99b835244c0591e2a8bdccfde5ad.md)",ドイツ (%E4%B8%96%E7%95%8C%E4%B8%80%E5%91%A8%E3%81%AE%E3%83%AB%E3%83%BC%E3%83%88%E3%81%A8%E7%A7%BB%E5%8B%95%E6%89%8B%E6%AE%B5%E3%81%BE%E3%81%A8%E3%82%81%20%E2%80%BB%E9%9A%8F%E6%99%82%E6%9B%B4%E6%96%B0%20c3bf43b9b3f84b94a442c60a7b600428/%E5%9B%BD_%E4%B8%96%E7%95%8C%E4%B8%80%E5%91%A8%20bc1b815a6487420c80aba5e08efc1b19/%E3%83%88%E3%82%99%E3%82%A4%E3%83%84%203a3a798afe254537a63c098e6625360e.md),2025年5月7日 21:27
セビーリャ（セビリア）🇪🇸のポーカー事情,ポーカー｜Poker,../../%E3%82%BB%E3%83%92%E3%82%99%E3%83%BC%E3%83%AA%E3%83%A3%EF%BC%88%E3%82%BB%E3%83%92%E3%82%99%E3%83%AA%E3%82%A2%EF%BC%89%E3%81%AE%E3%83%9B%E3%82%9A%E3%83%BC%E3%82%AB%E3%83%BC%E4%BA%8B%E6%83%85.jpeg,2024年9月22日,Yes,2409-poker-in-spain,ポーカー (../../Tag%20Library%20277dbaee60ac416f8818f1f6059eec54/%E3%83%9B%E3%82%9A%E3%83%BC%E3%82%AB%E3%83%BC%20a2af21e2e13d427ebfe47652a4f43a6c.md),スペイン (%E4%B8%96%E7%95%8C%E4%B8%80%E5%91%A8%E3%81%AE%E3%83%AB%E3%83%BC%E3%83%88%E3%81%A8%E7%A7%BB%E5%8B%95%E6%89%8B%E6%AE%B5%E3%81%BE%E3%81%A8%E3%82%81%20%E2%80%BB%E9%9A%8F%E6%99%82%E6%9B%B4%E6%96%B0%20c3bf43b9b3f84b94a442c60a7b600428/%E5%9B%BD_%E4%B8%96%E7%95%8C%E4%B8%80%E5%91%A8%20bc1b815a6487420c80aba5e08efc1b19/%E3%82%B9%E3%83%98%E3%82%9A%E3%82%A4%E3%83%B3%206957f7e2947e4c73a855becbe00d3856.md),2025年5月1日 22:22
ヴィースバーデン🇩🇪のポーカー事情,ポーカー｜Poker,../../%E3%82%A6%E3%82%99%E3%82%A3%E3%83%BC%E3%82%B9%E3%83%8F%E3%82%99%E3%83%BC%E3%83%86%E3%82%99%E3%83%B3%E3%81%AE%E3%83%9B%E3%82%9A%E3%83%BC%E3%82%AB%E3%83%BC%E4%BA%8B%E6%83%85.jpg,2024年9月23日,Yes,2409-poker-in-germany,ポーカー (../../Tag%20Library%20277dbaee60ac416f8818f1f6059eec54/%E3%83%9B%E3%82%9A%E3%83%BC%E3%82%AB%E3%83%BC%20a2af21e2e13d427ebfe47652a4f43a6c.md),ドイツ (%E4%B8%96%E7%95%8C%E4%B8%80%E5%91%A8%E3%81%AE%E3%83%AB%E3%83%BC%E3%83%88%E3%81%A8%E7%A7%BB%E5%8B%95%E6%89%8B%E6%AE%B5%E3%81%BE%E3%81%A8%E3%82%81%20%E2%80%BB%E9%9A%8F%E6%99%82%E6%9B%B4%E6%96%B0%20c3bf43b9b3f84b94a442c60a7b600428/%E5%9B%BD_%E4%B8%96%E7%95%8C%E4%B8%80%E5%91%A8%20bc1b815a6487420c80aba5e08efc1b19/%E3%83%88%E3%82%99%E3%82%A4%E3%83%84%203a3a798afe254537a63c098e6625360e.md),2025年5月1日 22:22
自転車＆キャンプ旅を東欧で2ヶ月間してみて、とてもよかった件,旅｜Travel,../../%E8%87%AA%E8%BB%A2%E8%BB%8A%EF%BC%86%E3%82%AD%E3%83%A3%E3%83%B3%E3%83%95%E3%82%9A%E6%97%85%E3%82%92%E6%9D%B1%E6%AC%A7%E3%81%A6%E3%82%992%E3%83%B6%E6%9C%88%E9%96%93%E3%81%97%E3%81%A6%E3%81%BF%E3%81%A6%E3%80%81%E3%81%A8%E3%81%A6%E3%82%82%E3%82%88%E3%81%8B%E3%81%A3%E3%81%9F%E4%BB%B6.jpg,2024年12月5日,Yes,2412-bicycle-traveling,世界一周 (../../Tag%20Library%20277dbaee60ac416f8818f1f6059eec54/%E4%B8%96%E7%95%8C%E4%B8%80%E5%91%A8%20640454db231a4cc3a5bd5c4ba9dd5057.md),"スロベニア (%E4%B8%96%E7%95%8C%E4%B8%80%E5%91%A8%E3%81%AE%E3%83%AB%E3%83%BC%E3%83%88%E3%81%A8%E7%A7%BB%E5%8B%95%E6%89%8B%E6%AE%B5%E3%81%BE%E3%81%A8%E3%82%81%20%E2%80%BB%E9%9A%8F%E6%99%82%E6%9B%B4%E6%96%B0%20c3bf43b9b3f84b94a442c60a7b600428/%E5%9B%BD_%E4%B8%96%E7%95%8C%E4%B8%80%E5%91%A8%20bc1b815a6487420c80aba5e08efc1b19/%E3%82%B9%E3%83%AD%E3%83%98%E3%82%99%E3%83%8B%E3%82%A2%2004ea15c341644fc89022b73403a10668.md), クロアチア (%E4%B8%96%E7%95%8C%E4%B8%80%E5%91%A8%E3%81%AE%E3%83%AB%E3%83%BC%E3%83%88%E3%81%A8%E7%A7%BB%E5%8B%95%E6%89%8B%E6%AE%B5%E3%81%BE%E3%81%A8%E3%82%81%20%E2%80%BB%E9%9A%8F%E6%99%82%E6%9B%B4%E6%96%B0%20c3bf43b9b3f84b94a442c60a7b600428/%E5%9B%BD_%E4%B8%96%E7%95%8C%E4%B8%80%E5%91%A8%20bc1b815a6487420c80aba5e08efc1b19/%E3%82%AF%E3%83%AD%E3%82%A2%E3%83%81%E3%82%A2%2025367db0bb4b4d639eac95b67d201ea5.md), モンテネグロ (%E4%B8%96%E7%95%8C%E4%B8%80%E5%91%A8%E3%81%AE%E3%83%AB%E3%83%BC%E3%83%88%E3%81%A8%E7%A7%BB%E5%8B%95%E6%89%8B%E6%AE%B5%E3%81%BE%E3%81%A8%E3%82%81%20%E2%80%BB%E9%9A%8F%E6%99%82%E6%9B%B4%E6%96%B0%20c3bf43b9b3f84b94a442c60a7b600428/%E5%9B%BD_%E4%B8%96%E7%95%8C%E4%B8%80%E5%91%A8%20bc1b815a6487420c80aba5e08efc1b19/%E3%83%A2%E3%83%B3%E3%83%86%E3%83%8D%E3%82%AF%E3%82%99%E3%83%AD%2011094d022bbd802e9c73c356845e49ae.md), アルバニア (%E4%B8%96%E7%95%8C%E4%B8%80%E5%91%A8%E3%81%AE%E3%83%AB%E3%83%BC%E3%83%88%E3%81%A8%E7%A7%BB%E5%8B%95%E6%89%8B%E6%AE%B5%E3%81%BE%E3%81%A8%E3%82%81%20%E2%80%BB%E9%9A%8F%E6%99%82%E6%9B%B4%E6%96%B0%20c3bf43b9b3f84b94a442c60a7b600428/%E5%9B%BD_%E4%B8%96%E7%95%8C%E4%B8%80%E5%91%A8%20bc1b815a6487420c80aba5e08efc1b19/%E3%82%A2%E3%83%AB%E3%83%8F%E3%82%99%E3%83%8B%E3%82%A2%2078179fb474ae4e418efde1c26a918315.md), イタリア (%E4%B8%96%E7%95%8C%E4%B8%80%E5%91%A8%E3%81%AE%E3%83%AB%E3%83%BC%E3%83%88%E3%81%A8%E7%A7%BB%E5%8B%95%E6%89%8B%E6%AE%B5%E3%81%BE%E3%81%A8%E3%82%81%20%E2%80%BB%E9%9A%8F%E6%99%82%E6%9B%B4%E6%96%B0%20c3bf43b9b3f84b94a442c60a7b600428/%E5%9B%BD_%E4%B8%96%E7%95%8C%E4%B8%80%E5%91%A8%20bc1b815a6487420c80aba5e08efc1b19/%E3%82%A4%E3%82%BF%E3%83%AA%E3%82%A2%20517aff117cc44111af607ca7400f1ffd.md)",2025年5月1日 22:22
クロアチアのザクレブ🇭🇷のポーカー事情,ポーカー｜Poker,../../%E3%82%AF%E3%83%AD%E3%82%A2%E3%83%81%E3%82%A2%E3%81%AE%E3%82%B5%E3%82%99%E3%82%AF%E3%83%AC%E3%83%95%E3%82%99%E3%81%AE%E3%83%9B%E3%82%9A%E3%83%BC%E3%82%AB%E3%83%BC%E4%BA%8B%E6%83%85.jpg,2024年10月19日,Yes,poker-in-zagreb,ポーカー (../../Tag%20Library%20277dbaee60ac416f8818f1f6059eec54/%E3%83%9B%E3%82%9A%E3%83%BC%E3%82%AB%E3%83%BC%20a2af21e2e13d427ebfe47652a4f43a6c.md),クロアチア (%E4%B8%96%E7%95%8C%E4%B8%80%E5%91%A8%E3%81%AE%E3%83%AB%E3%83%BC%E3%83%88%E3%81%A8%E7%A7%BB%E5%8B%95%E6%89%8B%E6%AE%B5%E3%81%BE%E3%81%A8%E3%82%81%20%E2%80%BB%E9%9A%8F%E6%99%82%E6%9B%B4%E6%96%B0%20c3bf43b9b3f84b94a442c60a7b600428/%E5%9B%BD_%E4%B8%96%E7%95%8C%E4%B8%80%E5%91%A8%20bc1b815a6487420c80aba5e08efc1b19/%E3%82%AF%E3%83%AD%E3%82%A2%E3%83%81%E3%82%A2%2025367db0bb4b4d639eac95b67d201ea5.md),2025年5月1日 22:22
「自転車旅で何がいいんだっけ？」と思って、考えてみたこと,旅｜Travel,,,No,,,,2025年5月6日 11:52
高級嗜好でないコスパの重視の僕が、ミシュランの星付きレストランで食事をして思ったこと,生活｜Daily,../../%E9%AB%98%E7%B4%9A%E5%97%9C%E5%A5%BD%E3%81%A6%E3%82%99%E3%81%AA%E3%81%84%E3%82%B3%E3%82%B9%E3%83%8F%E3%82%9A%E3%81%AE%E9%87%8D%E8%A6%96%E3%81%AE%E5%83%95%E3%81%8B%E3%82%99%E3%80%81%E3%83%9F%E3%82%B7%E3%83%A5%E3%83%A9%E3%83%B3%E3%81%AE%E6%98%9F%E4%BB%98%E3%81%8D%E3%83%AC%E3%82%B9%E3%83%88%E3%83%A9%E3%83%B3%E3%81%A6%E3%82%99%E9%A3%9F%E4%BA%8B%E3%82%92%E3%81%97%E3%81%A6%E6%80%9D%E3%81%A3%E3%81%9F%E3%81%93%E3%81%A8.jpg,2024年10月31日,Yes,2410-michelin,食事 (../../Tag%20Library%20277dbaee60ac416f8818f1f6059eec54/%E9%A3%9F%E4%BA%8B%201d2e63e74648404daee84a1f38abe921.md),クロアチア (%E4%B8%96%E7%95%8C%E4%B8%80%E5%91%A8%E3%81%AE%E3%83%AB%E3%83%BC%E3%83%88%E3%81%A8%E7%A7%BB%E5%8B%95%E6%89%8B%E6%AE%B5%E3%81%BE%E3%81%A8%E3%82%81%20%E2%80%BB%E9%9A%8F%E6%99%82%E6%9B%B4%E6%96%B0%20c3bf43b9b3f84b94a442c60a7b600428/%E5%9B%BD_%E4%B8%96%E7%95%8C%E4%B8%80%E5%91%A8%20bc1b815a6487420c80aba5e08efc1b19/%E3%82%AF%E3%83%AD%E3%82%A2%E3%83%81%E3%82%A2%2025367db0bb4b4d639eac95b67d201ea5.md),2025年5月1日 22:21
非エンジニアがGASを利用したLINEbotを作って、社内業務の効率化をしてみた,開発｜Development,../../%E9%9D%9E%E3%82%A8%E3%83%B3%E3%82%B7%E3%82%99%E3%83%8B%E3%82%A2%E3%81%8B%E3%82%99GAS%E3%82%92%E5%88%A9%E7%94%A8%E3%81%97%E3%81%9FLINEbot%E3%82%92%E4%BD%9C%E3%81%A3%E3%81%A6%E3%80%81%E7%A4%BE%E5%86%85%E6%A5%AD%E5%8B%99%E3%81%AE%E5%8A%B9%E7%8E%87%E5%8C%96%E3%82%92%E3%81%97%E3%81%A6%E3%81%BF%E3%81%9F.jpeg,2024年11月1日,Yes,2411-GAS-LINEbot,"webサービス (../../Tag%20Library%20277dbaee60ac416f8818f1f6059eec54/web%E3%82%B5%E3%83%BC%E3%83%92%E3%82%99%E3%82%B9%20fe25a88ca52246e695dadd7b3b0c0e56.md), GAS (../../Tag%20Library%20277dbaee60ac416f8818f1f6059eec54/GAS%2013194d022bbd80148653c60b081cc155.md), LINE (../../Tag%20Library%20277dbaee60ac416f8818f1f6059eec54/LINE%2013194d022bbd8008874cde7c5f366949.md)",,2025年5月6日 11:52
非エンジニアがPythonとGASを利用して、給与明細を一瞬で分割＆リネーム＆配布できるようにしてみた,開発｜Development,../../%E9%9D%9E%E3%82%A8%E3%83%B3%E3%82%B7%E3%82%99%E3%83%8B%E3%82%A2%E3%81%8B%E3%82%99Python%E3%81%A8GAS%E3%82%92%E5%88%A9%E7%94%A8%E3%81%97%E3%81%A6%E3%80%81%E7%B5%A6%E4%B8%8E%E6%98%8E%E7%B4%B0%E3%82%92%E4%B8%80%E7%9E%AC%E3%81%A6%E3%82%99%E5%88%86%E5%89%B2%EF%BC%86%E3%83%AA%E3%83%8D%E3%83%BC%E3%83%A0%EF%BC%86%E9%85%8D%E5%B8%83%E3%81%A6%E3%82%99%E3%81%8D%E3%82%8B%E3%82%88%E3%81%86%E3%81%AB%E3%81%97%E3%81%A6%E3%81%BF%E3%81%9F.jpeg,2024年11月2日,Yes,2411-pdf-cutting-rename,"Python (../../Tag%20Library%20277dbaee60ac416f8818f1f6059eec54/Python%2013194d022bbd80218544da6b3c699344.md), GAS (../../Tag%20Library%20277dbaee60ac416f8818f1f6059eec54/GAS%2013194d022bbd80148653c60b081cc155.md)",,2025年5月6日 11:52
大きなことを始める前に、身近で簡単にできることで日々の満足度を高めることがとても大切だと思う,人生｜Life,../../%E5%A4%A7%E3%81%8D%E3%81%AA%E3%81%93%E3%81%A8%E3%82%92%E5%A7%8B%E3%82%81%E3%82%8B%E5%89%8D%E3%81%AB%E3%80%81%E8%BA%AB%E8%BF%91%E3%81%A6%E3%82%99%E7%B0%A1%E5%8D%98%E3%81%AB%E3%81%A6%E3%82%99%E3%81%8D%E3%82%8B%E3%81%93%E3%81%A8%E3%81%A6%E3%82%99%E6%97%A5%E3%80%85%E3%81%AE%E6%BA%80%E8%B6%B3%E5%BA%A6%E3%82%92%E9%AB%98%E3%82%81%E3%82%8B%E3%81%93%E3%81%A8%E3%81%8B%E3%82%99%E3%81%A8%E3%81%A6%E3%82%82%E5%A4%A7%E5%88%87%E3%81%9F%E3%82%99%E3%81%A8%E6%80%9D%E3%81%86.jpeg,2024年12月22日,Yes,2412-before-trying-to-do-big,考察 (../../Tag%20Library%20277dbaee60ac416f8818f1f6059eec54/%E8%80%83%E5%AF%9F%20c1631b4e003344acb9eb18ca2246cd69.md),,2025年5月1日 22:21
Polartepsという旅の記録ができるアプリがとてもよさそうで導入してみた,運用｜Operatinon,../../Polarteps%E3%81%A8%E3%81%84%E3%81%86%E6%97%85%E3%81%AE%E8%A8%98%E9%8C%B2%E3%81%8B%E3%82%99%E3%81%A6%E3%82%99%E3%81%8D%E3%82%8B%E3%82%A2%E3%83%95%E3%82%9A%E3%83%AA%E3%81%8B%E3%82%99%E3%81%A8%E3%81%A6%E3%82%82%E3%82%88%E3%81%95%E3%81%9D%E3%81%86%E3%81%A6%E3%82%99%E5%B0%8E%E5%85%A5%E3%81%97%E3%81%A6%E3%81%BF%E3%81%9F.jpg,2024年11月14日,Yes,2411-plarsteps,思い出マネジメント (../../Tag%20Library%20277dbaee60ac416f8818f1f6059eec54/%E6%80%9D%E3%81%84%E5%87%BA%E3%83%9E%E3%83%8D%E3%82%B7%E3%82%99%E3%83%A1%E3%83%B3%E3%83%88%208a8df8e1d5254448b9164b3ad86f896e.md),,2025年5月1日 22:21
モンテネグロのブドヴァ🇲🇪のポーカー事情,ポーカー｜Poker,../../%E3%83%A2%E3%83%B3%E3%83%86%E3%83%8D%E3%82%AF%E3%82%99%E3%83%AD%E3%81%AE%E3%83%95%E3%82%99%E3%83%88%E3%82%99%E3%82%A6%E3%82%99%E3%82%A1%E3%81%AE%E3%83%9B%E3%82%9A%E3%83%BC%E3%82%AB%E3%83%BC%E4%BA%8B%E6%83%85.jpg,2024年11月10日,Yes,2411-poker-in-budva,ポーカー (../../Tag%20Library%20277dbaee60ac416f8818f1f6059eec54/%E3%83%9B%E3%82%9A%E3%83%BC%E3%82%AB%E3%83%BC%20a2af21e2e13d427ebfe47652a4f43a6c.md),モンテネグロ (%E4%B8%96%E7%95%8C%E4%B8%80%E5%91%A8%E3%81%AE%E3%83%AB%E3%83%BC%E3%83%88%E3%81%A8%E7%A7%BB%E5%8B%95%E6%89%8B%E6%AE%B5%E3%81%BE%E3%81%A8%E3%82%81%20%E2%80%BB%E9%9A%8F%E6%99%82%E6%9B%B4%E6%96%B0%20c3bf43b9b3f84b94a442c60a7b600428/%E5%9B%BD_%E4%B8%96%E7%95%8C%E4%B8%80%E5%91%A8%20bc1b815a6487420c80aba5e08efc1b19/%E3%83%A2%E3%83%B3%E3%83%86%E3%83%8D%E3%82%AF%E3%82%99%E3%83%AD%2011094d022bbd802e9c73c356845e49ae.md),2025年5月1日 22:21
アルバニアのティラナ🇦🇱のポーカー事情,ポーカー｜Poker,../../%E3%82%A2%E3%83%AB%E3%83%8F%E3%82%99%E3%83%8B%E3%82%A2%E3%81%AE%E3%83%86%E3%82%A3%E3%83%A9%E3%83%8A%E3%81%AE%E3%83%9B%E3%82%9A%E3%83%BC%E3%82%AB%E3%83%BC%E4%BA%8B%E6%83%85.jpg,2024年11月20日,Yes,2411-poker-in-tirane,ポーカー (../../Tag%20Library%20277dbaee60ac416f8818f1f6059eec54/%E3%83%9B%E3%82%9A%E3%83%BC%E3%82%AB%E3%83%BC%20a2af21e2e13d427ebfe47652a4f43a6c.md),アルバニア (%E4%B8%96%E7%95%8C%E4%B8%80%E5%91%A8%E3%81%AE%E3%83%AB%E3%83%BC%E3%83%88%E3%81%A8%E7%A7%BB%E5%8B%95%E6%89%8B%E6%AE%B5%E3%81%BE%E3%81%A8%E3%82%81%20%E2%80%BB%E9%9A%8F%E6%99%82%E6%9B%B4%E6%96%B0%20c3bf43b9b3f84b94a442c60a7b600428/%E5%9B%BD_%E4%B8%96%E7%95%8C%E4%B8%80%E5%91%A8%20bc1b815a6487420c80aba5e08efc1b19/%E3%82%A2%E3%83%AB%E3%83%8F%E3%82%99%E3%83%8B%E3%82%A2%2078179fb474ae4e418efde1c26a918315.md),2025年5月1日 22:18
ポーカーを仕事として考えてみた,ポーカー｜Poker,../../%E3%83%9B%E3%82%9A%E3%83%BC%E3%82%AB%E3%83%BC%E3%82%92%E4%BB%95%E4%BA%8B%E3%81%A8%E3%81%97%E3%81%A6%E8%80%83%E3%81%88%E3%81%A6%E3%81%BF%E3%81%9F.jpeg,2024年12月21日,Yes,2412-poker-as-a-job,ポーカー (../../Tag%20Library%20277dbaee60ac416f8818f1f6059eec54/%E3%83%9B%E3%82%9A%E3%83%BC%E3%82%AB%E3%83%BC%20a2af21e2e13d427ebfe47652a4f43a6c.md),,2025年5月1日 22:18
ケニアのナイロビ🇰🇪のポーカー事情,ポーカー｜Poker,../../%E3%82%B1%E3%83%8B%E3%82%A2%E3%81%AE%E3%83%8A%E3%82%A4%E3%83%AD%E3%83%92%E3%82%99%E3%81%AE%E3%83%9B%E3%82%9A%E3%83%BC%E3%82%AB%E3%83%BC%E4%BA%8B%E6%83%85.jpg,2024年12月20日,Yes,2412-poker-in-nairobi,ポーカー (../../Tag%20Library%20277dbaee60ac416f8818f1f6059eec54/%E3%83%9B%E3%82%9A%E3%83%BC%E3%82%AB%E3%83%BC%20a2af21e2e13d427ebfe47652a4f43a6c.md),ケニア (%E4%B8%96%E7%95%8C%E4%B8%80%E5%91%A8%E3%81%AE%E3%83%AB%E3%83%BC%E3%83%88%E3%81%A8%E7%A7%BB%E5%8B%95%E6%89%8B%E6%AE%B5%E3%81%BE%E3%81%A8%E3%82%81%20%E2%80%BB%E9%9A%8F%E6%99%82%E6%9B%B4%E6%96%B0%20c3bf43b9b3f84b94a442c60a7b600428/%E5%9B%BD_%E4%B8%96%E7%95%8C%E4%B8%80%E5%91%A8%20bc1b815a6487420c80aba5e08efc1b19/%E3%82%B1%E3%83%8B%E3%82%A2%20ee27de21bf7b4b87a9027e2f1ab5a6d6.md),2025年5月1日 22:18
2024年振り返り,人生｜Life,../../2024%E5%B9%B4%E6%8C%AF%E3%82%8A%E8%BF%94%E3%82%8A.jpeg,2024年12月31日,Yes,2412-lf-looking-back,"愛 (../../Tag%20Library%20277dbaee60ac416f8818f1f6059eec54/%E6%84%9B%20b2e38cec8c144b4cb995ea7c9f3640bd.md), 考察 (../../Tag%20Library%20277dbaee60ac416f8818f1f6059eec54/%E8%80%83%E5%AF%9F%20c1631b4e003344acb9eb18ca2246cd69.md)",タンザニア (%E4%B8%96%E7%95%8C%E4%B8%80%E5%91%A8%E3%81%AE%E3%83%AB%E3%83%BC%E3%83%88%E3%81%A8%E7%A7%BB%E5%8B%95%E6%89%8B%E6%AE%B5%E3%81%BE%E3%81%A8%E3%82%81%20%E2%80%BB%E9%9A%8F%E6%99%82%E6%9B%B4%E6%96%B0%20c3bf43b9b3f84b94a442c60a7b600428/%E5%9B%BD_%E4%B8%96%E7%95%8C%E4%B8%80%E5%91%A8%20bc1b815a6487420c80aba5e08efc1b19/%E3%82%BF%E3%83%B3%E3%82%B5%E3%82%99%E3%83%8B%E3%82%A2%2049bc93ba869f423d85a3edea0b712d39.md),2025年5月1日 23:18
ウガンダのカンパラ🇺🇬のポーカー事情,ポーカー｜Poker,../../%E3%82%A6%E3%82%AB%E3%82%99%E3%83%B3%E3%82%BF%E3%82%99%E3%81%AE%E3%82%AB%E3%83%B3%E3%83%8F%E3%82%9A%E3%83%A9%E3%81%AE%E3%83%9B%E3%82%9A%E3%83%BC%E3%82%AB%E3%83%BC%E4%BA%8B%E6%83%85.jpg,2025年4月20日,Yes,2504-poker-in-kampala,ポーカー (../../Tag%20Library%20277dbaee60ac416f8818f1f6059eec54/%E3%83%9B%E3%82%9A%E3%83%BC%E3%82%AB%E3%83%BC%20a2af21e2e13d427ebfe47652a4f43a6c.md),ウガンダ (%E4%B8%96%E7%95%8C%E4%B8%80%E5%91%A8%E3%81%AE%E3%83%AB%E3%83%BC%E3%83%88%E3%81%A8%E7%A7%BB%E5%8B%95%E6%89%8B%E6%AE%B5%E3%81%BE%E3%81%A8%E3%82%81%20%E2%80%BB%E9%9A%8F%E6%99%82%E6%9B%B4%E6%96%B0%20c3bf43b9b3f84b94a442c60a7b600428/%E5%9B%BD_%E4%B8%96%E7%95%8C%E4%B8%80%E5%91%A8%20bc1b815a6487420c80aba5e08efc1b19/%E3%82%A6%E3%82%AB%E3%82%99%E3%83%B3%E3%82%BF%E3%82%99%20a491880704904475b2ec3ae317641343.md),2025年5月7日 21:26
意思決定の正しさとポーカーの共通点,ポーカー｜Poker,,,No,,,,2025年5月6日 11:52
2025年注力すること,人生｜Life,../../2025%E5%B9%B4%E6%B3%A8%E5%8A%9B%E3%81%99%E3%82%8B%E3%81%93%E3%81%A8.jpeg,2025年1月24日,Yes,2501-lf-focus,愛 (../../Tag%20Library%20277dbaee60ac416f8818f1f6059eec54/%E6%84%9B%20b2e38cec8c144b4cb995ea7c9f3640bd.md),,2025年5月1日 23:18
傲慢と善良（辻村深月）を読んで,読書｜Reading,../../%E5%82%B2%E6%85%A2%E3%81%A8%E5%96%84%E8%89%AF%EF%BC%88%E8%BE%BB%E6%9D%91%E6%B7%B1%E6%9C%88%EF%BC%89%E3%82%92%E8%AA%AD%E3%82%93%E3%81%A6%E3%82%99.jpeg,2025年1月25日,Yes,2501-rd-arrogance-and-virtue,読書メモ (../../Tag%20Library%20277dbaee60ac416f8818f1f6059eec54/%E8%AA%AD%E6%9B%B8%E3%83%A1%E3%83%A2%20164ef11cecd8404696eaaee170957d92.md),,2025年5月1日 23:08
「何のために旅をするの？」と質問されて考えたこと,旅｜Travel,,,No,,,,2025年5月6日 11:52
パートナーとの自炊飯が、なぜこんなにも最高なのか,生活｜Daily,../../%E3%83%8F%E3%82%9A%E3%83%BC%E3%83%88%E3%83%8A%E3%83%BC%E3%81%A8%E3%81%AE%E8%87%AA%E7%82%8A%E9%A3%AF%E3%81%8B%E3%82%99%E3%80%81%E3%81%AA%E3%81%9B%E3%82%99%E3%81%93%E3%82%93%E3%81%AA%E3%81%AB%E3%82%82%E6%9C%80%E9%AB%98%E3%81%AA%E3%81%AE%E3%81%8B.jpeg,2025年1月28日,Yes,2501-dl-cooking-for-ourselves,食事 (../../Tag%20Library%20277dbaee60ac416f8818f1f6059eec54/%E9%A3%9F%E4%BA%8B%201d2e63e74648404daee84a1f38abe921.md),南アフリカ共和国 (%E4%B8%96%E7%95%8C%E4%B8%80%E5%91%A8%E3%81%AE%E3%83%AB%E3%83%BC%E3%83%88%E3%81%A8%E7%A7%BB%E5%8B%95%E6%89%8B%E6%AE%B5%E3%81%BE%E3%81%A8%E3%82%81%20%E2%80%BB%E9%9A%8F%E6%99%82%E6%9B%B4%E6%96%B0%20c3bf43b9b3f84b94a442c60a7b600428/%E5%9B%BD_%E4%B8%96%E7%95%8C%E4%B8%80%E5%91%A8%20bc1b815a6487420c80aba5e08efc1b19/%E5%8D%97%E3%82%A2%E3%83%95%E3%83%AA%E3%82%AB%E5%85%B1%E5%92%8C%E5%9B%BD%2070bb2de787c345fcb1ab05befe8e718e.md),2025年5月1日 22:17
ひとりで幸せを追求してきた人は、パートナーともより幸せになりやすい説,パートナーシップ｜Partnership,../../%E3%81%B2%E3%81%A8%E3%82%8A%E3%81%A6%E3%82%99%E5%B9%B8%E3%81%9B%E3%82%92%E8%BF%BD%E6%B1%82%E3%81%97%E3%81%A6%E3%81%8D%E3%81%9F%E4%BA%BA%E3%81%AF%E3%80%81%E3%83%8F%E3%82%9A%E3%83%BC%E3%83%88%E3%83%8A%E3%83%BC%E3%81%A8%E3%82%82%E3%82%88%E3%82%8A%E5%B9%B8%E3%81%9B%E3%81%AB%E3%81%AA%E3%82%8A%E3%82%84%E3%81%99%E3%81%84%E8%AA%AC.jpeg,2025年2月2日,Yes,2502-pt-self-happiness-happier-relationships,"考察 (../../Tag%20Library%20277dbaee60ac416f8818f1f6059eec54/%E8%80%83%E5%AF%9F%20c1631b4e003344acb9eb18ca2246cd69.md), パートナーの条件 (../../Tag%20Library%20277dbaee60ac416f8818f1f6059eec54/%E3%83%8F%E3%82%9A%E3%83%BC%E3%83%88%E3%83%8A%E3%83%BC%E3%81%AE%E6%9D%A1%E4%BB%B6%20123d99b835244c0591e2a8bdccfde5ad.md), 愛 (../../Tag%20Library%20277dbaee60ac416f8818f1f6059eec54/%E6%84%9B%20b2e38cec8c144b4cb995ea7c9f3640bd.md)",,2025年5月1日 23:09
旅の辞め時について考えてみた,旅｜Travel,../../%E6%97%85%E3%81%AE%E8%BE%9E%E3%82%81%E6%99%82%E3%81%AB%E3%81%A4%E3%81%84%E3%81%A6%E8%80%83%E3%81%88%E3%81%A6%E3%81%BF%E3%81%9F.jpeg,2025年2月28日,Yes,2502-tr-when-to-stop-traveling,"考察 (../../Tag%20Library%20277dbaee60ac416f8818f1f6059eec54/%E8%80%83%E5%AF%9F%20c1631b4e003344acb9eb18ca2246cd69.md), 世界一周 (../../Tag%20Library%20277dbaee60ac416f8818f1f6059eec54/%E4%B8%96%E7%95%8C%E4%B8%80%E5%91%A8%20640454db231a4cc3a5bd5c4ba9dd5057.md)",南アフリカ共和国 (%E4%B8%96%E7%95%8C%E4%B8%80%E5%91%A8%E3%81%AE%E3%83%AB%E3%83%BC%E3%83%88%E3%81%A8%E7%A7%BB%E5%8B%95%E6%89%8B%E6%AE%B5%E3%81%BE%E3%81%A8%E3%82%81%20%E2%80%BB%E9%9A%8F%E6%99%82%E6%9B%B4%E6%96%B0%20c3bf43b9b3f84b94a442c60a7b600428/%E5%9B%BD_%E4%B8%96%E7%95%8C%E4%B8%80%E5%91%A8%20bc1b815a6487420c80aba5e08efc1b19/%E5%8D%97%E3%82%A2%E3%83%95%E3%83%AA%E3%82%AB%E5%85%B1%E5%92%8C%E5%9B%BD%2070bb2de787c345fcb1ab05befe8e718e.md),2025年5月1日 22:17
「旅」とは何か？「旅行」とは何が違うか？,旅｜Travel,../../%E3%80%8C%E6%97%85%E3%80%8D%E3%81%A8%E3%81%AF%E4%BD%95%E3%81%8B%EF%BC%9F%E3%80%8C%E6%97%85%E8%A1%8C%E3%80%8D%E3%81%A8%E3%81%AF%E4%BD%95%E3%81%8B%E3%82%99%E9%81%95%E3%81%86%E3%81%8B%EF%BC%9F.jpeg,2025年2月21日,Yes,2502-tr-what-is-travel,"考察 (../../Tag%20Library%20277dbaee60ac416f8818f1f6059eec54/%E8%80%83%E5%AF%9F%20c1631b4e003344acb9eb18ca2246cd69.md), 世界一周 (../../Tag%20Library%20277dbaee60ac416f8818f1f6059eec54/%E4%B8%96%E7%95%8C%E4%B8%80%E5%91%A8%20640454db231a4cc3a5bd5c4ba9dd5057.md)",ナミビア (%E4%B8%96%E7%95%8C%E4%B8%80%E5%91%A8%E3%81%AE%E3%83%AB%E3%83%BC%E3%83%88%E3%81%A8%E7%A7%BB%E5%8B%95%E6%89%8B%E6%AE%B5%E3%81%BE%E3%81%A8%E3%82%81%20%E2%80%BB%E9%9A%8F%E6%99%82%E6%9B%B4%E6%96%B0%20c3bf43b9b3f84b94a442c60a7b600428/%E5%9B%BD_%E4%B8%96%E7%95%8C%E4%B8%80%E5%91%A8%20bc1b815a6487420c80aba5e08efc1b19/%E3%83%8A%E3%83%9F%E3%83%92%E3%82%99%E3%82%A2%2084a50cdad5f5403da155713d3bd819b5.md),2025年5月1日 22:15
タンザニアのダルエスサラーム🇹🇿のポーカー事情,ポーカー｜Poker,../../292385_0_1.jpg,2025年1月11日,Yes,2412-poker-in-nairobi,ポーカー (../../Tag%20Library%20277dbaee60ac416f8818f1f6059eec54/%E3%83%9B%E3%82%9A%E3%83%BC%E3%82%AB%E3%83%BC%20a2af21e2e13d427ebfe47652a4f43a6c.md),タンザニア (%E4%B8%96%E7%95%8C%E4%B8%80%E5%91%A8%E3%81%AE%E3%83%AB%E3%83%BC%E3%83%88%E3%81%A8%E7%A7%BB%E5%8B%95%E6%89%8B%E6%AE%B5%E3%81%BE%E3%81%A8%E3%82%81%20%E2%80%BB%E9%9A%8F%E6%99%82%E6%9B%B4%E6%96%B0%20c3bf43b9b3f84b94a442c60a7b600428/%E5%9B%BD_%E4%B8%96%E7%95%8C%E4%B8%80%E5%91%A8%20bc1b815a6487420c80aba5e08efc1b19/%E3%82%BF%E3%83%B3%E3%82%B5%E3%82%99%E3%83%8B%E3%82%A2%2049bc93ba869f423d85a3edea0b712d39.md),2025年5月1日 19:44
「頭でわかる」から「腑に落ちる」にする効能と方法,人生｜Life,,,No,,,,2025年5月6日 11:52
世界最安！？マレーシアのペルヘンティアン島のスキューバダイビング比較検討,旅｜Travel,,,No,2505-scuba-diving-in-,,マレーシア (%E4%B8%96%E7%95%8C%E4%B8%80%E5%91%A8%E3%81%AE%E3%83%AB%E3%83%BC%E3%83%88%E3%81%A8%E7%A7%BB%E5%8B%95%E6%89%8B%E6%AE%B5%E3%81%BE%E3%81%A8%E3%82%81%20%E2%80%BB%E9%9A%8F%E6%99%82%E6%9B%B4%E6%96%B0%20c3bf43b9b3f84b94a442c60a7b600428/%E5%9B%BD_%E4%B8%96%E7%95%8C%E4%B8%80%E5%91%A8%20bc1b815a6487420c80aba5e08efc1b19/%E3%83%9E%E3%83%AC%E3%83%BC%E3%82%B7%E3%82%A2%203e3e5604f2334b878d4c0c67d941113e.md),2025年5月6日 11:53
WraptasからNext.js+Vercelに乗り換え,開発｜Development,,,No,,,,2025年5月6日 11:52
Windsurfを導入したら、全くコード書けないけど、プログラミングが楽しくなった,開発｜Development,,,No,,,,2025年5月6日 11:52
ポーカーを専業のごとく１ヶ月やってみて,ポーカー｜Poker,,,No,,,,2025年5月6日 11:52